{
  "World": null,
  "United States": "North America",
  "China": "East Asia & Pacific",
  "Germany": "Europe & Central Asia",
  "Japan": "East Asia & Pacific",
  "India": "South Asia",
  "United Kingdom": "Europe & Central Asia",
  "France": "Europe & Central Asia",
  "Italy": "Europe & Central Asia",
  "Russia": "Europe & Central Asia",
  "Canada": "North America",
  "Brazil": "Latin America & Caribbean",
  "Spain": "Europe & Central Asia",
  "Mexico": "Latin America & Caribbean",
  "South Korea": "East Asia & Pacific",
  "Australia": "East Asia & Pacific",
  "Turkey": "Europe & Central Asia",
  "Indonesia": "East Asia & Pacific",
  "Netherlands": "Europe & Central Asia",
  "Saudi Arabia": "Middle East, North Africa, Afghanistan & Pakistan",
  "Poland": "Europe & Central Asia",
  "Switzerland": "Europe & Central Asia",
  "Taiwan": "East Asia & Pacific",
  "Belgium": "Europe & Central Asia",
  "Ireland": "Europe & Central Asia",
  "Argentina": "Latin America & Caribbean",
  "Sweden": "Europe & Central Asia",
  "Israel": "Middle East, North Africa, Afghanistan & Pakistan",
  "Singapore": "East Asia & Pacific",
  "United Arab Emirates": "Middle East, North Africa, Afghanistan & Pakistan",
  "Austria": "Europe & Central Asia",
  "Thailand": "East Asia & Pacific",
  "Norway": "Europe & Central Asia",
  "Philippines": "East Asia & Pacific",
  "Vietnam": "East Asia & Pacific",
  "Bangladesh": "South Asia",
  "Malaysia": "East Asia & Pacific",
  "Denmark": "Europe & Central Asia",
  "Colombia": "Latin America & Caribbean",
  "Hong Kong": "East Asia & Pacific",
  "South Africa": "Sub-Saharan Africa",
  "Romania": "Europe & Central Asia",
  "Pakistan": "Middle East, North Africa, Afghanistan & Pakistan",
  "Czech Republic": "Europe & Central Asia",
  "Iran": "Middle East, North Africa, Afghanistan & Pakistan",
  "Egypt": "Middle East, North Africa, Afghanistan & Pakistan",
  "Chile": "Latin America & Caribbean",
  "Portugal": "Europe & Central Asia",
  "Peru": "Latin America & Caribbean",
  "Finland": "Europe & Central Asia",
  "Kazakhstan": "Europe & Central Asia",
  "Algeria": "Middle East, North Africa, Afghanistan & Pakistan",
  "Nigeria": "Sub-Saharan Africa",
  "Greece": "Europe & Central Asia",
  "Iraq": "Middle East, North Africa, Afghanistan & Pakistan",
  "New Zealand": "East Asia & Pacific",
  "Hungary": "Europe & Central Asia",
  "Qatar": "Middle East, North Africa, Afghanistan & Pakistan",
  "Ukraine": "Europe & Central Asia",
  "Cuba": "Latin America & Caribbean",
  "Morocco": "Middle East, North Africa, Afghanistan & Pakistan",
  "Kuwait": "Middle East, North Africa, Afghanistan & Pakistan",
  "Slovakia": "Europe & Central Asia",
  "Uzbekistan": "Europe & Central Asia",
  "Kenya": "Sub-Saharan Africa",
  "Ecuador": "Latin America & Caribbean",
  "Dominican Republic": "Latin America & Caribbean",
  "Bulgaria": "Europe & Central Asia",
  "Puerto Rico": "Latin America & Caribbean",
  "Guatemala": "Latin America & Caribbean",
  "Angola": "Sub-Saharan Africa",
  "Ghana": "Sub-Saharan Africa",
  "Ethiopia": "Sub-Saharan Africa",
  "Oman": "Middle East, North Africa, Afghanistan & Pakistan",
  "Croatia": "Europe & Central Asia",
  "Costa Rica": "Latin America & Caribbean",
  "Luxembourg": "Europe & Central Asia",
  "Serbia": "Europe & Central Asia",
  "Ivory Coast": "Sub-Saharan Africa",
  "Sri Lanka": "South Asia",
  "Lithuania": "Europe & Central Asia",
  "Panama": "Latin America & Caribbean",
  "Tanzania": "Sub-Saharan Africa",
  "Belarus": "Europe & Central Asia",
  "Uruguay": "Latin America & Caribbean",
  "Venezuela": "Latin America & Caribbean",
  "DR Congo": "Sub-Saharan Africa",
  "Slovenia": "Europe & Central Asia",
  "Azerbaijan": "Europe & Central Asia",
  "Turkmenistan": "Europe & Central Asia",
  "Uganda": "Sub-Saharan Africa",
  "Cameroon": "Sub-Saharan Africa",
  "Myanmar": "East Asia & Pacific",
  "Tunisia": "Middle East, North Africa, Afghanistan & Pakistan",
  "Bolivia": "Latin America & Caribbean",
  "Jordan": "Middle East, North Africa, Afghanistan & Pakistan",
  "Zimbabwe": "Sub-Saharan Africa",
  "Macau": "East Asia & Pacific",
  "Cambodia": "East Asia & Pacific",
  "Libya": "Middle East, North Africa, Afghanistan & Pakistan",
  "Latvia": "Europe & Central Asia",
  "Paraguay": "Latin America & Caribbean",
  "Bahrain": "Middle East, North Africa, Afghanistan & Pakistan",
  "Estonia": "Europe & Central Asia",
  "Nepal": "South Asia",
  "Cyprus": "Europe & Central Asia",
  "Honduras": "Latin America & Caribbean",
  "Iceland": "Europe & Central Asia",
  "Georgia": "Europe & Central Asia",
  "Senegal": "Sub-Saharan Africa",
  "El Salvador": "Latin America & Caribbean",
  "Sudan": "Sub-Saharan Africa",
  "Bosnia and Herzegovina": "Europe & Central Asia",
  "Papua New Guinea": "East Asia & Pacific",
  "Haiti": "Latin America & Caribbean",
  "Albania": "Europe & Central Asia",
  "Zambia": "Sub-Saharan Africa",
  "Lebanon": "Middle East, North Africa, Afghanistan & Pakistan",
  "Armenia": "Europe & Central Asia",
  "Malta": "Middle East, North Africa, Afghanistan & Pakistan",
  "Guinea": "Sub-Saharan Africa",
  "Burkina Faso": "Sub-Saharan Africa",
  "Trinidad and Tobago": "Latin America & Caribbean",
  "Mali": "Sub-Saharan Africa",
  "Mongolia": "East Asia & Pacific",
  "Guyana": "Latin America & Caribbean",
  "Mozambique": "Sub-Saharan Africa",
  "Benin": "Sub-Saharan Africa",
  "Jamaica": "Latin America & Caribbean",
  "Niger": "Sub-Saharan Africa",
  "Chad": "Sub-Saharan Africa",
  "Gabon": "Sub-Saharan Africa",
  "Nicaragua": "Latin America & Caribbean",
  "Kyrgyzstan": "Europe & Central Asia",
  "Syria": "Middle East, North Africa, Afghanistan & Pakistan",
  "Moldova": "Europe & Central Asia",
  "Madagascar": "Sub-Saharan Africa",
  "Botswana": "Sub-Saharan Africa",
  "North Macedonia": "Europe & Central Asia",
  "Afghanistan": "Middle East, North Africa, Afghanistan & Pakistan",
  "Tajikistan": "Europe & Central Asia",
  "Laos": "East Asia & Pacific",
  "North Korea": "East Asia & Pacific",
  "Bahamas": "Latin America & Caribbean",
  "Mauritius": "Sub-Saharan Africa",
  "Congo": "Sub-Saharan Africa",
  "Brunei": "East Asia & Pacific",
  "Malawi": "Sub-Saharan Africa",
  "Rwanda": "Sub-Saharan Africa",
  "Namibia": "Sub-Saharan Africa",
  "Palestine": "Middle East, North Africa, Afghanistan & Pakistan",
  "Equatorial Guinea": "Sub-Saharan Africa",
  "Somalia": "Sub-Saharan Africa",
  "Kosovo": "Europe & Central Asia",
  "Channel Islands": "Europe & Central Asia",
  "Mauritania": "Sub-Saharan Africa",
  "Togo": "Sub-Saharan Africa",
  "Monaco": "Europe & Central Asia",
  "New Caledonia": "East Asia & Pacific",
  "Liechtenstein": "Europe & Central Asia",
  "Montenegro": "Europe & Central Asia",
  "Bermuda": "North America",
  "Yemen": "Middle East, North Africa, Afghanistan & Pakistan",
  "Sierra Leone": "Sub-Saharan Africa",
  "Maldives": "South Asia",
  "Barbados": "Latin America & Caribbean",
  "Isle of Man": "Europe & Central Asia",
  "Cayman Islands": "Latin America & Caribbean",
  "Burundi": "Sub-Saharan Africa",
  "Guam": "East Asia & Pacific",
  "French Polynesia": "East Asia & Pacific",
  "Fiji": "East Asia & Pacific",
  "Eswatini": "Sub-Saharan Africa",
  "Liberia": "Sub-Saharan Africa",
  "South Sudan": "Sub-Saharan Africa",
  "U.S. Virgin Islands": "Latin America & Caribbean",
  "Djibouti": "Middle East, North Africa, Afghanistan & Pakistan",
  "Suriname": "Latin America & Caribbean",
  "Andorra": "Europe & Central Asia",
  "Aruba": "Latin America & Caribbean",
  "Faroe Islands": "Europe & Central Asia",
  "Bhutan": "South Asia",
  "Greenland": "Europe & Central Asia",
  "Central African Republic": "Sub-Saharan Africa",
  "Belize": "Latin America & Caribbean",
  "Curaçao": "Latin America & Caribbean",
  "Cape Verde": "Sub-Saharan Africa",
  "Saint Lucia": "Latin America & Caribbean",
  "Gambia": "Sub-Saharan Africa",
  "Zanzibar": "Sub-Saharan Africa",
  "Guinea-Bissau": "Sub-Saharan Africa",
  "Lesotho": "Sub-Saharan Africa",
  "Antigua and Barbuda": "Latin America & Caribbean",
  "Eritrea": "Sub-Saharan Africa",
  "San Marino": "Europe & Central Asia",
  "Seychelles": "Sub-Saharan Africa",
  "Timor-Leste": "East Asia & Pacific",
  "Solomon Islands": "East Asia & Pacific",
  "Turks and Caicos Islands": "Latin America & Caribbean",
  "Sint Maarten": "Latin America & Caribbean",
  "Comoros": "Sub-Saharan Africa",
  "British Virgin Islands": "Latin America & Caribbean",
  "Grenada": "Latin America & Caribbean",
  "Samoa": "East Asia & Pacific",
  "Saint Vincent and the Grenadines": "Latin America & Caribbean",
  "Saint Kitts and Nevis": "Latin America & Caribbean",
  "Vanuatu": "East Asia & Pacific",
  "Northern Mariana Islands": "East Asia & Pacific",
  "São Tomé and Príncipe": "Sub-Saharan Africa",
  "American Samoa": "East Asia & Pacific",
  "Dominica": "Latin America & Caribbean",
  "Saint Martin": "Latin America & Caribbean",
  "Tonga": "East Asia & Pacific",
  "Micronesia": "East Asia & Pacific",
  "Anguilla": "Latin America & Caribbean",
  "Cook Islands": "East Asia & Pacific",
  "Palau": "East Asia & Pacific",
  "Kiribati": "East Asia & Pacific",
  "Marshall Islands": "East Asia & Pacific",
  "Nauru": "East Asia & Pacific",
  "Montserrat": "Latin America & Caribbean",
  "Tuvalu": "East Asia & Pacific"
}